dims,mae,mae,spearmanr,spearmanr,pearsonr,pearsonr,kendalltau,kendalltau
,mean,std,mean,std,mean,std,mean,std
4,0.1878100516367701,0.05593099573074489,0.5462640724956187,0.1346524748272887,0.5610448393565078,0.12440784958333749,0.412977176503459,0.11083810117110034
10,0.17107045980930094,0.04186396542345763,0.5658922982667344,0.12674487368472673,0.5781967047509767,0.11809673248874065,0.43091997049342556,0.10478622965986172
48,0.18817643243750692,0.04344771253396136,0.5396692758312136,0.12090163974518194,0.5504571753579562,0.11332646628692089,0.4074754442084223,0.09664183125426408
100,0.30076200738398257,0.026578117432705783,0.20544139171389483,0.13805450033841113,0.25854637829317045,0.18930238217436235,0.16940121174989997,0.11377877738224403
